"Date","Price","Open","High","Low","Vol.","Change %"
"04/28/2025","25.66","26.90","26.95","25.66","618.83K","-2.47%"
"04/25/2025","26.31","26.05","27.24","25.75","911.68K","-0.30%"
"04/24/2025","26.39","26.98","27.44","26.05","1.28M","-4.83%"
"04/23/2025","27.73","27.99","28.30","27.60","1.21M","-0.54%"
"04/22/2025","27.88","28.49","28.50","27.80","1.21M","-1.59%"
"04/21/2025","28.33","28.64","29.25","28.15","1.92M","0.00%"
"04/18/2025","28.33","28.11","29.18","27.60","4.21M","1.36%"
"04/17/2025","27.95","28.95","29.20","27.81","4.06M","-3.15%"
"04/16/2025","28.86","28.99","30.35","28.32","10.53M","2.34%"
"04/15/2025","28.20","29.70","30.10","28.00","3.21M","-4.18%"
"04/14/2025","29.43","27.13","29.58","27.00","13.50M","9.04%"
"04/11/2025","26.99","25.00","27.90","25.00","12.37M","5.80%"
"04/10/2025","25.51","24.50","25.64","24.10","5.78M","9.06%"
"04/09/2025","23.39","22.90","23.70","21.70","3.90M","1.87%"
"04/08/2025","22.96","23.43","23.90","22.72","1.64M","-0.65%"
"04/07/2025","23.11","24.24","24.42","22.72","3.33M","-8.44%"
"04/04/2025","25.24","25.48","25.48","25.00","1.16M","-0.39%"
"04/03/2025","25.34","25.15","25.69","24.50","1.94M","0.56%"
"03/27/2025","25.20","25.62","25.62","25.01","310.46K","-1.41%"
"03/26/2025","25.56","25.50","26.00","25.21","827.40K","0.99%"
"03/25/2025","25.31","25.50","25.78","24.75","863.26K","0.20%"
"03/24/2025","25.26","26.30","26.31","25.19","1.47M","-3.48%"
"03/21/2025","26.17","25.65","27.25","25.50","3.91M","3.11%"
"03/20/2025","25.38","25.41","25.80","25.30","962.08K","0.24%"
"03/19/2025","25.32","25.50","25.63","24.99","1.32M","-0.71%"
"03/18/2025","25.50","25.26","25.58","25.26","486.68K","0.91%"
"03/17/2025","25.27","25.35","25.50","25.10","838.11K","0.92%"
"03/14/2025","25.04","25.09","25.49","25.00","539.15K","0.08%"
"03/13/2025","25.02","24.84","25.45","24.84","822.77K","0.72%"
"03/12/2025","24.84","25.11","25.20","24.80","239.89K","-1.35%"
"03/11/2025","25.18","25.35","25.50","24.91","444.42K","-1.10%"
"03/10/2025","25.46","25.76","26.00","25.12","283.54K","-1.16%"
"03/07/2025","25.76","25.98","26.00","25.21","294.30K","-0.54%"
"03/06/2025","25.90","25.10","26.05","25.00","1.34M","3.72%"
"03/05/2025","24.97","24.56","25.44","24.56","665.98K","1.67%"
"03/04/2025","24.56","24.75","24.80","24.50","195.46K","0.12%"
"03/03/2025","24.53","25.20","25.20","24.32","381.31K","-1.92%"
"02/28/2025","25.01","25.65","25.80","24.10","1.15M","-2.80%"
"02/27/2025","25.73","25.90","26.24","25.55","415.33K","0.63%"
"02/26/2025","25.57","26.10","26.15","25.50","558.13K","-1.24%"
"02/25/2025","25.89","26.49","26.85","25.78","1.02M","-1.78%"
"02/24/2025","26.36","27.05","27.40","26.11","2.02M","-2.44%"
"02/21/2025","27.02","27.98","28.89","26.91","4.59M","-2.31%"
"02/20/2025","27.66","26.39","28.49","25.83","4.88M","6.75%"
"02/19/2025","25.91","25.60","26.20","25.40","771.91K","1.25%"
"02/18/2025","25.59","25.31","25.90","25.31","314.63K","0.27%"
"02/17/2025","25.52","25.80","25.90","25.35","537.87K","-0.35%"
"02/14/2025","25.61","26.04","26.34","25.50","935.88K","-1.65%"
"02/13/2025","26.04","26.25","26.97","25.80","1.11M","-0.53%"
"02/12/2025","26.18","26.45","26.50","26.00","984.66K","-0.23%"
"02/11/2025","26.24","25.89","26.39","25.66","1.35M","2.26%"
"02/10/2025","25.66","25.35","25.79","25.28","1.35M","1.46%"
"02/07/2025","25.29","26.20","26.20","24.80","875.55K","-1.63%"
"02/06/2025","25.71","26.70","26.70","25.23","1.27M","-2.17%"
"02/04/2025","26.28","26.80","27.23","26.20","1.07M","0.31%"
"02/03/2025","26.20","27.50","27.50","25.90","2.36M","-3.36%"
"01/31/2025","27.11","27.10","28.00","27.00","1.45M","0.48%"
"01/30/2025","26.98","27.34","27.45","26.70","788.34K","-0.04%"
"01/29/2025","26.99","27.90","27.99","26.90","1.41M","-2.07%"
"01/28/2025","27.56","27.80","28.00","27.09","722.23K","-0.72%"
"01/27/2025","27.76","28.99","28.99","27.65","1.31M","-2.90%"
"01/24/2025","28.59","28.50","29.39","28.45","2.45M","0.81%"
"01/23/2025","28.36","28.49","28.88","28.15","2.56M","1.11%"
"01/22/2025","28.05","28.50","28.99","27.85","2.75M","-0.74%"
"01/21/2025","28.26","30.28","30.28","27.80","3.71M","-5.64%"
"01/20/2025","29.95","29.70","30.80","29.05","5.37M","2.39%"
"01/17/2025","29.25","28.60","30.50","28.25","2.77M","0.90%"
"01/16/2025","28.99","29.70","29.95","28.70","1.64M","-2.52%"
"01/15/2025","29.74","30.43","31.04","29.60","3.41M","-2.27%"
"01/14/2025","30.43","28.50","31.22","28.40","16.14M","7.22%"
"01/13/2025","28.38","28.15","28.67","28.00","1.73M","0.60%"
"01/10/2025","28.21","28.50","29.20","28.01","2.69M","-1.95%"
"01/09/2025","28.77","28.90","29.71","27.50","8.86M","-0.24%"
"01/08/2025","28.84","32.01","33.49","28.58","13.91M","-9.17%"
"01/07/2025","31.75","30.55","32.00","29.85","27.14M","-4.28%"
"01/06/2025","33.17","36.86","37.40","33.17","6.73M","-9.25%"
"01/03/2025","36.55","34.50","36.94","34.28","21.89M","8.84%"
"01/02/2025","33.58","31.00","33.58","30.75","21.15M","9.99%"
"01/01/2025","30.53","28.90","30.53","28.60","15.61M","10.02%"
"12/31/2024","27.75","27.75","27.75","27.75","1.42M","9.99%"
"12/30/2024","25.23","22.80","25.23","22.80","6.99M","10.66%"
"12/27/2024","22.80","22.70","23.26","22.55","1.01M","-0.87%"
"12/26/2024","23.00","22.60","23.10","22.07","857.88K","2.22%"
"12/24/2024","22.50","23.45","23.45","22.50","2.27M","-2.17%"
"12/23/2024","23.00","22.97","23.50","22.97","1.42M","0.00%"
"12/20/2024","23.00","22.30","23.11","21.75","2.49M","2.22%"
"12/19/2024","22.50","22.51","23.10","22.30","2.40M","-0.13%"
"12/18/2024","22.53","22.85","23.57","22.50","5.50M","1.90%"
"12/17/2024","22.11","22.50","22.75","21.75","1.84M","-1.60%"
"12/16/2024","22.47","23.33","23.50","22.00","1.89M","-5.19%"
"12/13/2024","23.70","23.30","23.80","22.10","1.12M","1.94%"
"12/12/2024","23.25","23.25","24.25","22.91","5.25M","1.09%"
"12/11/2024","23.00","22.00","23.24","21.75","3.41M","5.26%"
"12/10/2024","21.85","21.75","22.50","21.00","6.47M","1.06%"
"12/09/2024","21.62","21.49","21.62","20.25","1.35M","1.74%"
"12/06/2024","21.25","21.75","21.75","20.91","2.21M","0.00%"
"12/05/2024","21.25","21.25","21.65","20.90","2.28M","1.19%"
"12/04/2024","21.00","21.00","21.54","20.80","3.09M","0.00%"
"12/03/2024","21.00","19.90","21.41","19.81","7.92M","7.14%"
"12/02/2024","19.60","18.70","19.98","18.61","7.12M","5.38%"
"11/29/2024","18.60","17.90","18.98","17.90","4.09M","3.91%"
"11/28/2024","17.90","17.75","18.15","17.45","2.52M","2.29%"
"11/27/2024","17.50","17.00","17.60","16.76","1.35M","5.55%"
"11/26/2024","16.58","18.00","18.00","16.11","2.61M","-6.64%"
"11/25/2024","17.76","17.81","18.25","17.60","750.04K","-1.28%"
"11/22/2024","17.99","18.16","18.65","17.85","4.38M","-1.42%"
"11/21/2024","18.25","18.34","18.45","17.91","849.87K","-0.92%"
"11/20/2024","18.42","18.60","18.90","18.21","1.02M","-1.76%"
"11/19/2024","18.75","19.29","19.30","18.60","6.45M","-0.53%"
"11/18/2024","18.85","17.75","19.16","17.75","15.56M","8.33%"
"11/15/2024","17.40","17.40","17.60","16.90","896.83K","2.17%"
"11/14/2024","17.03","16.70","17.60","16.55","1.01M","1.07%"
"11/13/2024","16.85","16.95","16.95","16.50","239.44K","0.18%"
"11/12/2024","16.82","17.00","17.20","16.70","179.95K","-1.35%"
"11/11/2024","17.05","17.46","17.46","16.97","364.92K","-0.93%"
"11/08/2024","17.21","17.14","17.49","17.01","208.00K","0.64%"
"11/07/2024","17.10","17.24","17.60","17.00","289.42K","-1.10%"
"11/06/2024","17.29","17.24","17.50","16.60","833.84K","1.71%"
"11/05/2024","17.00","17.40","17.47","16.50","384.38K","-0.29%"
"11/04/2024","17.05","17.25","17.40","16.92","2.15M","0.29%"
"11/01/2024","17.00","16.30","17.00","15.81","3.28M","5.00%"
"10/31/2024","16.19","16.84","16.84","16.01","431.79K","-2.70%"
"10/30/2024","16.64","17.49","17.49","16.40","392.40K","-2.12%"
"10/29/2024","17.00","17.45","17.45","16.50","1.59M","-1.56%"
"10/28/2024","17.27","17.85","18.09","17.21","1.06M","-3.57%"
"10/25/2024","17.91","18.11","18.15","17.87","1.12M","-0.33%"
"10/24/2024","17.97","18.40","18.40","17.69","2.83M","0.00%"
"10/23/2024","17.97","16.50","18.22","16.30","9.89M","9.57%"
"10/22/2024","16.40","17.05","17.38","16.35","6.55M","-2.38%"
"10/21/2024","16.80","15.40","16.80","15.40","10.23M","9.95%"
"10/18/2024","15.28","14.81","15.40","14.40","5.12M","-1.55%"
"10/17/2024","15.52","14.70","15.52","14.45","9.55M","7.63%"
"10/16/2024","14.42","14.85","14.85","14.37","532.70K","-0.41%"
"10/15/2024","14.48","14.90","15.00","14.41","1.11M","-0.82%"
"10/14/2024","14.60","14.40","14.85","14.20","664.63K","1.74%"
"10/11/2024","14.35","14.60","14.60","14.02","345.24K","-0.83%"
"10/10/2024","14.47","14.70","14.82","14.06","1.60M","-0.89%"
"10/09/2024","14.60","14.50","14.72","14.25","1.11M","1.46%"
"10/08/2024","14.39","14.40","14.44","14.10","475.16K","0.35%"
"10/07/2024","14.34","14.25","14.50","14.25","695.89K","0.35%"
"10/04/2024","14.29","14.01","14.33","13.91","1.41M","0.42%"
"10/03/2024","14.23","14.40","14.40","13.92","966.76K","-0.07%"
"10/02/2024","14.24","14.25","14.79","14.01","1.56M","-0.56%"
"10/01/2024","14.32","14.00","14.49","13.92","1.34M","2.29%"
"09/30/2024","14.00","14.00","14.05","13.85","664.44K","0.21%"
"09/27/2024","13.97","13.95","14.15","13.82","692.28K","0.50%"
"09/26/2024","13.90","14.10","14.10","13.81","1.66M","0.72%"
"09/25/2024","13.80","14.00","14.10","13.75","585.12K","-1.08%"
"09/24/2024","13.95","14.00","14.02","13.57","356.15K","0.00%"
"09/23/2024","13.95","14.15","14.30","13.91","536.54K","-1.55%"
"09/20/2024","14.17","14.40","14.40","14.10","377.28K","-0.28%"
"09/19/2024","14.21","14.70","14.75","14.21","1.03M","-2.27%"
"09/18/2024","14.54","14.00","15.30","13.95","8.85M","4.01%"
"09/16/2024","13.98","13.50","13.99","13.40","1.24M","3.94%"
"09/13/2024","13.45","13.65","14.25","13.25","2.07M","-1.39%"
"09/12/2024","13.64","13.03","13.70","13.03","1.62M","5.41%"
"09/11/2024","12.94","13.12","13.30","12.94","456.70K","-1.22%"
"09/10/2024","13.10","13.16","13.60","13.05","1.27M","-0.46%"
"09/09/2024","13.16","13.10","13.32","13.06","570.99K","1.23%"
"09/06/2024","13.00","12.65","13.43","12.65","2.64M","2.36%"
"09/05/2024","12.70","12.75","13.29","12.55","1.33M","0.00%"
"09/04/2024","12.70","12.60","13.00","12.60","1.51M","-0.39%"
"09/03/2024","12.75","12.92","13.04","12.70","425.50K","-1.54%"
"09/02/2024","12.95","13.05","13.30","12.90","931.42K","-1.75%"
"08/30/2024","13.18","13.01","13.43","13.01","486.89K","0.61%"
"08/29/2024","13.10","13.16","13.50","12.95","1.16M","-1.13%"
"08/28/2024","13.25","13.28","13.75","13.20","457.17K","-1.78%"
"08/27/2024","13.49","13.62","13.75","13.46","449.68K","-0.15%"
"08/26/2024","13.51","14.16","14.16","13.50","482.57K","-4.18%"
"08/23/2024","14.10","13.99","14.45","13.99","633.88K","0.36%"
"08/22/2024","14.05","14.20","14.43","14.02","645.30K","-1.06%"
"08/21/2024","14.20","13.65","14.43","13.65","3.34M","4.41%"
"08/20/2024","13.60","13.40","13.77","13.35","1.25M","0.74%"
"08/19/2024","13.50","13.71","13.94","13.25","1.25M","-1.82%"
"08/16/2024","13.75","14.40","14.87","13.75","8.54M","-4.84%"
"08/15/2024","14.45","14.26","14.69","14.22","1.61M","2.05%"
"08/13/2024","14.16","14.20","14.48","13.99","1.38M","0.43%"
"08/12/2024","14.10","14.70","14.70","14.10","423.89K","-4.08%"
"08/09/2024","14.70","14.87","14.87","14.42","2.60M","-0.34%"
"08/08/2024","14.75","14.90","14.98","14.50","3.39M","-1.67%"
"08/07/2024","15.00","14.95","15.31","14.75","1.84M","0.67%"
"08/06/2024","14.90","14.95","15.25","14.77","616.97K","0.68%"
"08/05/2024","14.80","15.00","15.00","14.03","684.00K","-2.57%"
"08/02/2024","15.19","14.81","15.19","14.81","467.83K","2.64%"
"08/01/2024","14.80","14.85","14.95","14.65","1.15M","0.68%"
"07/31/2024","14.70","15.12","15.44","14.64","810.58K","-2.65%"
"07/30/2024","15.10","15.06","15.60","14.80","2.19M","0.67%"
"07/29/2024","15.00","14.70","15.23","14.42","1.36M","4.02%"
"07/26/2024","14.42","15.00","15.85","14.42","3.64M","-3.22%"
"07/25/2024","14.90","15.01","15.40","14.80","3.16M","0.34%"
"07/24/2024","14.85","14.97","15.20","14.85","1.15M","1.02%"
"07/23/2024","14.70","15.00","15.25","14.65","1.16M","-1.87%"
"07/22/2024","14.98","15.50","15.55","14.74","1.69M","-3.35%"
"07/19/2024","15.50","15.91","16.13","15.42","2.14M","-2.52%"
"07/18/2024","15.90","15.76","16.20","15.76","1.62M","-1.24%"
"07/15/2024","16.10","16.06","16.25","15.75","2.37M","1.90%"
"07/12/2024","15.80","16.03","16.39","15.50","3.68M","-1.25%"
"07/11/2024","16.00","16.24","16.49","15.75","1.94M","-1.54%"
"07/10/2024","16.25","15.62","16.66","15.40","5.98M","4.77%"
"07/09/2024","15.51","16.61","16.61","14.89","5.16M","-5.31%"
"07/08/2024","16.38","16.01","16.60","15.50","4.15M","4.00%"
"07/05/2024","15.75","15.85","16.18","15.10","9.05M","3.69%"
"07/04/2024","15.19","13.93","15.19","13.93","8.66M","9.68%"
"07/03/2024","13.85","13.28","14.23","13.12","4.67M","5.73%"
"07/02/2024","13.10","12.90","13.29","12.90","1.57M","1.95%"
"07/01/2024","12.85","12.70","13.20","12.70","809.86K","1.02%"
"06/28/2024","12.72","12.95","13.02","12.52","363.53K","-1.85%"
"06/27/2024","12.96","12.95","13.13","12.86","221.65K","1.25%"
"06/26/2024","12.80","13.40","13.55","12.80","1.87M","-4.48%"
"06/25/2024","13.40","13.35","13.61","13.15","1.55M","-0.74%"
"06/24/2024","13.50","13.18","13.53","12.91","2.10M","3.05%"
"06/21/2024","13.10","13.33","13.50","12.80","1.80M","-0.76%"
"06/20/2024","13.20","13.30","13.45","13.00","834.47K","1.54%"
"06/14/2024","13.00","12.99","13.30","12.50","1.81M","0.78%"
"06/13/2024","12.90","12.24","12.95","11.94","2.50M","6.61%"
"06/12/2024","12.10","11.60","12.45","11.50","3.12M","5.13%"
"06/11/2024","11.51","12.20","12.24","11.25","1.26M","-2.87%"
"06/10/2024","11.85","12.34","12.45","11.79","312.26K","-1.50%"
"06/07/2024","12.03","12.30","12.40","11.75","921.12K","-2.20%"
"06/06/2024","12.30","12.52","12.69","12.26","821.68K","-1.20%"
"06/05/2024","12.45","12.84","12.84","12.45","801.54K","-0.40%"
"06/04/2024","12.50","13.10","13.24","12.45","1.74M","-4.58%"
"06/03/2024","13.10","13.29","13.30","12.99","1.12M","0.38%"
"05/31/2024","13.05","13.02","13.33","13.00","1.35M","-0.08%"
"05/30/2024","13.06","13.40","13.49","13.00","963.10K","-1.43%"
"05/29/2024","13.25","13.49","13.53","12.90","3.12M","-0.23%"
"05/27/2024","13.28","14.20","14.20","13.25","6.36M","-5.08%"
"05/24/2024","13.99","14.48","14.80","13.87","3.55M","-2.71%"
"05/23/2024","14.38","14.00","14.64","13.75","5.08M","2.06%"
"05/22/2024","14.09","14.50","14.82","14.00","12.73M","2.18%"
"05/21/2024","13.79","12.90","13.79","12.51","5.85M","7.90%"
"05/20/2024","12.78","13.10","13.33","12.70","1.79M","-2.44%"
"05/17/2024","13.10","13.43","13.56","13.00","2.94M","-1.13%"
"05/16/2024","13.25","13.48","13.60","12.85","15.63M","0.84%"
"05/15/2024","13.14","13.10","13.69","12.99","18.44M","3.55%"
"05/14/2024","12.69","11.50","12.69","11.50","7.82M","8.93%"
"05/13/2024","11.65","11.40","11.99","11.39","3.82M","-0.34%"
"05/10/2024","11.69","11.02","11.69","11.02","3.68M","6.76%"
"05/09/2024","10.95","10.90","11.00","10.85","835.00K","0.92%"
"05/08/2024","10.85","11.00","11.15","10.76","515.50K","-0.55%"
"05/07/2024","10.91","10.81","11.15","10.75","1.39M","-0.37%"
"05/06/2024","10.95","10.49","11.06","10.40","4.31M","5.80%"
"05/03/2024","10.35","10.35","10.55","10.20","640.50K","1.97%"
"05/02/2024","10.15","10.30","10.30","10.00","476.50K","-0.98%"
"04/30/2024","10.25","10.08","10.80","10.08","1.10M","0.99%"
"04/29/2024","10.15","10.51","10.51","10.06","628.00K","-2.87%"
"04/26/2024","10.45","10.30","10.50","10.15","736.00K","1.46%"
"04/25/2024","10.30","10.53","10.94","10.00","1.67M","-2.92%"
"04/24/2024","10.61","10.49","10.80","10.30","917.00K","2.51%"
"04/23/2024","10.35","11.19","11.19","10.35","1.65M","-6.92%"
"04/22/2024","11.12","10.50","11.40","10.35","3.83M","5.30%"
"04/19/2024","10.56","9.61","10.67","9.60","3.30M","7.65%"
"04/18/2024","9.81","9.56","9.91","9.41","1.56M","-0.30%"
"04/17/2024","9.84","9.70","10.09","9.61","1.76M","2.39%"
"04/16/2024","9.61","9.20","9.95","9.20","4.97M","4.00%"
"04/15/2024","9.24","9.10","9.25","8.99","945.50K","2.10%"
"04/09/2024","9.05","9.12","9.26","8.85","4.01M","0.56%"
"04/08/2024","9.00","8.95","9.05","8.83","420.00K","0.56%"
"04/04/2024","8.95","9.00","9.28","8.81","605.00K","1.02%"
"04/03/2024","8.86","8.89","8.98","8.75","313.00K","0.80%"
"04/02/2024","8.79","8.74","8.94","8.71","125.00K","-1.12%"
"04/01/2024","8.89","9.13","9.13","8.77","591.50K","0.45%"
"03/29/2024","8.85","8.83","8.99","8.78","179.00K","-1.45%"
"03/28/2024","8.98","9.10","9.10","8.80","589.50K","1.70%"
"03/27/2024","8.83","9.00","9.00","8.75","505.00K","-1.89%"
"03/26/2024","9.00","8.90","9.00","8.80","230.00K","1.12%"
"03/25/2024","8.90","9.05","9.12","8.75","193.00K","1.02%"
"03/22/2024","8.81","9.25","9.28","8.81","238.50K","-2.44%"
"03/21/2024","9.03","9.00","9.15","8.83","564.00K","1.01%"
"03/20/2024","8.94","9.18","9.25","8.85","654.00K","1.02%"
"03/19/2024","8.85","9.27","9.34","8.85","901.50K","-3.07%"
"03/18/2024","9.13","9.35","9.35","9.12","111.50K","-0.22%"
"03/15/2024","9.15","9.40","9.40","9.01","401.00K","-2.14%"
"03/14/2024","9.35","9.14","9.40","9.00","526.00K","5.06%"
"03/13/2024","8.90","9.50","9.54","8.76","665.50K","-5.32%"
"03/12/2024","9.40","9.65","9.65","9.35","496.00K","-3.59%"
"03/11/2024","9.75","9.95","10.05","9.72","824.50K","-1.52%"
"03/08/2024","9.90","9.70","9.98","9.51","1.83M","4.10%"
"03/07/2024","9.51","9.85","9.86","9.50","3.41M","-1.96%"
"03/06/2024","9.70","9.50","9.95","9.50","2.53M","0.00%"
"03/05/2024","9.70","8.91","9.73","8.66","6.65M","11.24%"
"03/04/2024","8.72","8.75","8.94","8.61","1.42M","-2.02%"
"03/01/2024","8.90","8.74","8.90","8.65","620.50K","2.30%"
"02/29/2024","8.70","8.99","8.99","8.70","694.50K","-1.92%"
"02/28/2024","8.87","8.69","8.93","8.60","535.50K","0.91%"
"02/27/2024","8.79","8.80","8.90","8.52","344.00K","-0.57%"
"02/26/2024","8.84","8.81","9.10","8.60","1.44M","3.39%"
"02/23/2024","8.55","8.74","8.74","8.42","2.44M","-1.72%"
"02/22/2024","8.70","8.73","8.78","8.56","2.04M","0.93%"
"02/21/2024","8.62","8.39","8.70","8.39","537.00K","5.12%"
"02/20/2024","8.20","8.12","8.40","8.12","56.00K","0.00%"
"02/19/2024","8.20","8.03","8.25","8.02","154.50K","0.61%"
"02/16/2024","8.15","8.25","8.42","8.10","294.00K","-1.81%"
"02/15/2024","8.30","8.45","8.60","8.25","586.00K","-3.38%"
"02/14/2024","8.59","8.30","8.70","8.16","1.80M","5.53%"
"02/13/2024","8.14","8.10","8.24","7.60","961.50K","0.99%"
"02/12/2024","8.06","8.95","8.95","7.99","4.12M","-10.44%"
"02/09/2024","9.00","9.06","9.20","8.88","792.00K","-3.23%"
"02/07/2024","9.30","9.28","9.58","9.12","1.16M","2.20%"
"02/06/2024","9.10","9.00","9.35","9.00","192.00K","1.68%"
"02/02/2024","8.95","8.87","8.99","8.87","77.50K","-0.56%"
"02/01/2024","9.00","8.87","9.00","8.75","141.00K","-0.55%"
"01/31/2024","9.05","9.09","9.10","8.93","78.00K","1.69%"
"01/30/2024","8.90","9.19","9.20","8.75","297.50K","-3.78%"
"01/29/2024","9.25","9.10","9.25","8.92","463.50K","2.78%"
"01/26/2024","9.00","9.12","9.15","9.00","483.50K","-0.99%"
"01/25/2024","9.09","9.39","9.45","9.00","740.00K","-3.19%"
"01/24/2024","9.39","9.30","9.59","9.30","363.50K","0.97%"
"01/23/2024","9.30","9.20","9.60","9.02","549.50K","2.20%"
"01/22/2024","9.10","9.09","9.25","9.00","349.50K","0.00%"
"01/19/2024","9.10","9.29","9.29","9.00","219.50K","-1.62%"
"01/18/2024","9.25","9.20","9.25","8.99","289.00K","-0.75%"
"01/17/2024","9.32","9.50","9.50","9.25","229.50K","-0.85%"
"01/16/2024","9.40","9.60","9.65","9.20","1.03M","-3.09%"
"01/15/2024","9.70","9.98","9.98","9.63","129.50K","-1.82%"
"01/12/2024","9.88","9.99","10.08","9.78","254.00K","-1.20%"
"01/11/2024","10.00","10.02","10.10","9.90","359.50K","-0.70%"
"01/10/2024","10.07","9.80","10.18","9.80","1.77M","3.28%"
"01/09/2024","9.75","9.90","10.00","9.64","308.50K","0.21%"
"01/08/2024","9.73","9.98","9.98","9.62","287.00K","-0.71%"
"01/05/2024","9.80","10.14","10.48","9.79","981.00K","-2.00%"
"01/04/2024","10.00","9.95","10.13","9.85","731.50K","0.00%"
"01/03/2024","10.00","10.00","10.20","9.91","480.50K","0.00%"
"01/02/2024","10.00","10.45","10.50","9.90","927.00K","-4.76%"
"01/01/2024","10.50","10.15","10.58","10.15","1.02M","2.64%"
"12/29/2023","10.23","9.80","10.30","9.75","748.00K","3.86%"
"12/28/2023","9.85","9.80","10.20","9.65","823.50K","1.55%"
"12/27/2023","9.70","9.01","9.78","9.01","527.50K","5.32%"
"12/26/2023","9.21","9.90","10.01","9.20","1.22M","-7.81%"
"12/22/2023","9.99","10.35","10.35","9.90","372.50K","-2.06%"
"12/21/2023","10.20","10.10","10.30","9.70","2.05M","2.62%"
"12/20/2023","9.94","10.84","10.90","9.91","5.50M","-8.64%"
"12/19/2023","10.88","11.99","11.99","10.88","3.12M","-6.85%"
"12/18/2023","11.68","12.00","12.34","11.55","3.13M","-0.60%"
"12/15/2023","11.75","11.28","11.95","11.28","2.63M","3.80%"
"12/14/2023","11.32","11.64","11.67","11.04","2.72M","-1.48%"
"12/13/2023","11.49","12.00","12.25","11.10","2.95M","-4.33%"
"12/12/2023","12.01","12.00","12.10","11.77","2.41M","0.92%"
"12/11/2023","11.90","11.91","12.49","11.72","2.81M","-2.46%"
"12/08/2023","12.20","11.49","12.27","11.25","13.06M","8.93%"
"12/07/2023","11.20","10.60","11.48","10.51","10.43M","7.07%"
"12/06/2023","10.46","10.78","10.85","10.32","2.32M","-1.32%"
"12/05/2023","10.60","10.84","10.90","10.60","2.96M","0.38%"
"12/04/2023","10.56","10.47","10.74","10.25","3.94M","2.03%"
"12/01/2023","10.35","10.20","10.52","10.05","2.90M","2.48%"
"11/30/2023","10.10","10.37","10.55","10.02","3.64M","-1.75%"
"11/29/2023","10.28","9.84","10.77","9.65","13.92M","5.54%"
"11/28/2023","9.74","9.80","9.87","9.58","1.80M","1.25%"
"11/27/2023","9.62","9.74","9.89","9.50","2.92M","-1.13%"
"11/24/2023","9.73","9.90","10.07","9.65","2.84M","-0.71%"
"11/23/2023","9.80","9.66","10.20","9.66","4.23M","0.93%"
"11/22/2023","9.71","9.46","10.10","9.45","5.29M","2.75%"
"11/21/2023","9.45","9.55","9.74","9.45","3.08M","-0.42%"
"11/20/2023","9.49","9.52","9.70","9.40","1.39M","-0.63%"
"11/17/2023","9.55","9.94","9.95","9.50","1.60M","-2.05%"
"11/16/2023","9.75","9.49","10.20","9.48","4.83M","3.94%"
"11/15/2023","9.38","9.25","9.52","9.20","2.11M","1.41%"
"11/14/2023","9.25","9.25","9.37","9.10","547.50K","0.43%"
"11/13/2023","9.21","9.27","9.49","9.21","559.50K","-1.50%"
"11/10/2023","9.35","9.46","9.55","9.25","1.83M","0.32%"
"11/08/2023","9.32","9.20","9.54","9.18","3.47M","2.42%"
"11/07/2023","9.10","9.33","9.44","9.00","1.40M","-1.52%"
"11/06/2023","9.24","8.90","9.54","8.90","2.92M","3.70%"
"11/03/2023","8.91","8.97","9.00","8.72","1.07M","1.25%"
"11/02/2023","8.80","8.79","9.11","8.70","1.85M","0.57%"
"11/01/2023","8.75","8.75","8.85","8.66","614.00K","-1.57%"
"10/31/2023","8.89","8.65","8.98","8.61","614.50K","1.95%"
"10/30/2023","8.72","8.50","8.80","8.50","695.50K","4.43%"
"10/27/2023","8.35","8.57","8.57","8.35","275.00K","-1.18%"
"10/26/2023","8.45","8.65","8.85","8.45","980.00K","-2.76%"
"10/25/2023","8.69","8.50","9.15","8.42","3.03M","3.45%"
"10/24/2023","8.40","8.49","8.65","8.31","765.00K","0.12%"
"10/23/2023","8.39","8.68","8.68","8.30","449.50K","-0.12%"
"10/20/2023","8.40","8.70","8.83","8.39","542.50K","-2.78%"
"10/19/2023","8.64","8.44","8.73","8.36","625.50K","2.25%"
"10/18/2023","8.45","8.80","8.80","8.40","396.50K","-4.52%"
"10/17/2023","8.85","8.55","8.93","8.55","1.06M","3.87%"
"10/16/2023","8.52","8.43","8.86","8.17","1.06M","3.78%"
"10/13/2023","8.21","8.07","8.45","8.01","274.00K","0.74%"
"10/12/2023","8.15","8.25","8.50","8.15","306.50K","-1.93%"
"10/11/2023","8.31","8.40","8.59","8.25","1.06M","-0.36%"
"10/10/2023","8.34","8.00","8.43","8.00","564.00K","2.96%"
"10/09/2023","8.10","8.20","8.20","8.01","150.50K","-2.41%"
"10/06/2023","8.30","8.30","8.30","8.11","113.50K","0.48%"
"10/05/2023","8.26","8.00","8.30","8.00","416.00K","3.12%"
"10/04/2023","8.01","7.83","8.10","7.80","130.50K","2.30%"
"10/03/2023","7.83","7.79","7.90","7.79","226.00K","-0.25%"
"10/02/2023","7.85","7.90","7.90","7.79","108.00K","-0.38%"
"09/28/2023","7.88","7.92","8.00","7.88","6.00K","-1.25%"
"09/27/2023","7.98","7.95","7.98","7.95","9.50K","1.01%"
"09/26/2023","7.90","7.97","8.10","7.86","197.50K","0.64%"
"09/25/2023","7.85","7.80","7.85","7.80","41.00K","-0.25%"
"09/22/2023","7.87","7.70","7.90","7.70","30.50K","1.94%"
"09/21/2023","7.72","7.73","7.75","7.64","224.50K","0.78%"
"09/20/2023","7.66","7.75","7.75","7.66","18.00K","-0.52%"
"09/19/2023","7.70","7.67","7.79","7.67","96.00K","-1.79%"
"09/18/2023","7.84","7.98","7.98","7.70","11.50K","0.51%"
"09/15/2023","7.80","7.85","7.97","7.80","41.00K","1.30%"
"09/14/2023","7.70","7.99","7.99","7.70","135.50K","-1.53%"
"09/13/2023","7.82","7.95","7.95","7.80","17.50K","0.26%"
"09/12/2023","7.80","7.71","8.08","7.71","16.00K","-2.38%"
"09/11/2023","7.99","8.04","8.04","7.90","31.00K","-1.36%"
"09/08/2023","8.10","8.08","8.10","8.00","21.00K","1.12%"
"09/07/2023","8.01","8.15","8.15","8.01","13.50K","-0.99%"
"09/06/2023","8.09","8.01","8.12","8.01","3.00K","-0.74%"
"09/05/2023","8.15","7.88","8.15","7.88","432.50K","1.87%"
"09/04/2023","8.00","7.82","8.03","7.82","370.00K","3.90%"
"09/01/2023","7.70","7.80","7.85","7.70","32.50K","-1.16%"
"08/31/2023","7.79","7.90","7.90","7.50","201.50K","-2.63%"
"08/30/2023","8.00","8.03","8.20","7.75","482.00K","-0.62%"
"08/29/2023","8.05","8.17","8.20","8.00","317.50K","-1.23%"
"08/28/2023","8.15","8.05","8.37","8.01","232.50K","0.49%"
"08/25/2023","8.11","8.10","8.20","8.08","267.50K","0.00%"
"08/24/2023","8.11","8.40","9.30","7.75","9.68M","-2.29%"
"08/23/2023","8.30","8.45","8.50","8.25","264.50K","-1.54%"
"08/22/2023","8.43","8.60","8.70","8.20","1.18M","0.36%"
"08/21/2023","8.40","9.38","9.49","8.40","2.40M","-8.20%"
"08/18/2023","9.15","9.24","9.71","8.95","2.11M","0.33%"
"08/17/2023","9.12","9.13","9.24","8.87","863.00K","2.13%"
"08/16/2023","8.93","9.27","9.30","8.91","316.50K","-5.50%"
"08/15/2023","9.45","9.10","9.55","9.10","79.50K","1.39%"
"08/11/2023","9.32","9.45","9.57","9.32","363.00K","0.11%"
"08/10/2023","9.31","10.45","10.45","9.31","2.32M","-6.90%"
"08/09/2023","10.00","9.21","10.00","9.21","2.19M","9.89%"
"08/08/2023","9.10","9.50","9.51","9.10","319.00K","-5.80%"
"08/07/2023","9.66","9.68","9.83","9.56","575.50K","-1.33%"
"08/04/2023","9.79","9.65","10.00","9.29","2.04M","-4.11%"
"08/03/2023","10.21","9.30","9.99","9.30","1.87M","0.10%"
"08/02/2023","10.20","9.35","9.44","9.12","739.00K","10.87%"
"08/01/2023","9.20","9.35","9.90","9.11","7.03M","2.00%"
"07/31/2023","9.02","8.91","9.45","8.91","3.24M","1.35%"
"07/27/2023","8.90","9.00","9.30","8.88","413.00K","-1.11%"
"07/26/2023","9.00","9.30","9.35","9.00","372.50K","-3.23%"
"07/25/2023","9.30","9.09","9.39","9.02","984.50K","4.26%"
"07/24/2023","8.92","8.77","9.06","8.77","401.50K","0.22%"
"07/21/2023","8.90","9.05","9.10","8.75","668.00K","0.68%"
"07/20/2023","8.84","8.85","9.18","8.80","515.50K","0.34%"
"07/19/2023","8.81","9.26","9.80","8.80","1.92M","-7.75%"
"07/18/2023","9.55","9.75","10.00","9.15","7.09M","2.36%"
"07/17/2023","9.33","8.50","9.33","8.50","5.11M","12.41%"
"07/14/2023","8.30","8.52","8.65","8.30","93.00K","-3.82%"
"07/13/2023","8.63","8.61","9.00","8.41","953.50K","0.58%"
"07/12/2023","8.58","8.55","8.83","8.55","313.00K","-1.38%"
"07/11/2023","8.70","8.50","8.75","8.46","656.00K","6.10%"
"07/10/2023","8.20","8.20","8.40","8.20","189.50K","0.00%"
"07/07/2023","8.20","8.40","8.40","8.15","75.00K","-2.38%"
"07/06/2023","8.40","8.25","8.50","8.20","242.00K","-5.51%"
"07/05/2023","8.89","7.95","8.89","7.81","539.00K","13.97%"
"07/04/2023","7.80","8.03","8.03","7.77","186.00K","-22.08%"
"07/03/2023","10.01","7.99","8.30","7.75","604.00K","35.27%"
"06/27/2023","7.40","7.10","7.50","7.10","94.00K","-26.00%"
"06/26/2023","10.00","7.39","7.39","7.04","345.50K","43.68%"
"06/23/2023","6.96","7.30","7.30","6.95","837.00K","-2.93%"
"06/22/2023","7.17","7.28","7.28","7.01","836.00K","-1.10%"
"06/21/2023","7.25","7.22","7.25","7.05","55.00K","0.42%"
"06/20/2023","7.22","7.03","7.30","7.03","3.50K","0.56%"
"06/19/2023","7.18","7.60","7.60","7.17","42.50K","-1.64%"
"06/16/2023","7.30","7.40","7.40","7.30","267.00K","-2.28%"
"06/15/2023","7.47","7.32","7.50","7.21","405.00K","0.95%"
"06/14/2023","7.40","7.41","7.59","7.35","363.50K","-2.50%"
"06/13/2023","7.59","7.50","7.70","7.42","56.50K","1.20%"
"06/12/2023","7.50","7.69","7.70","7.50","19.50K","-1.96%"
"06/09/2023","7.65","7.40","7.68","7.40","16.50K","2.55%"
"06/08/2023","7.46","7.65","7.69","7.42","100.00K","-25.33%"
"06/07/2023","9.99","7.65","7.75","7.60","64.50K","32.67%"
"06/06/2023","7.53","7.69","7.73","7.51","132.00K","0.00%"
"06/05/2023","7.53","7.64","7.70","7.50","232.50K","-1.57%"
"06/02/2023","7.65","7.62","7.70","7.61","41.00K","-1.80%"
"06/01/2023","7.79","7.89","7.89","7.60","155.50K","1.56%"
"05/31/2023","7.67","7.90","7.90","7.67","43.50K","-2.04%"
"05/30/2023","7.83","7.83","7.83","7.83","5.50K","2.22%"
"05/29/2023","7.66","7.70","7.82","7.66","13.50K","-2.05%"
"05/26/2023","7.82","7.50","7.82","7.50","14.50K","2.89%"
"05/25/2023","7.60","7.88","7.88","7.60","10.50K","-1.94%"
"05/24/2023","7.75","7.70","7.75","7.65","21.00K","-1.90%"
"05/23/2023","7.90","7.80","7.90","7.68","26.50K","0.00%"
"05/22/2023","7.90","7.93","7.93","7.90","5.50K","-0.63%"
"05/19/2023","7.95","7.70","7.95","7.70","3.50K","2.98%"
"05/18/2023","7.72","8.00","8.00","7.72","20.00K","-0.39%"
"05/17/2023","7.75","7.89","7.95","7.75","47.00K","-1.52%"
"05/16/2023","7.87","7.91","7.94","7.76","124.00K","-1.13%"
"05/15/2023","7.96","7.96","7.96","7.96","0.50K","-0.38%"
"05/12/2023","7.99","7.99","8.18","7.89","157.50K","0.13%"
"05/11/2023","7.98","7.77","7.98","7.70","109.50K","3.50%"
"05/10/2023","7.71","7.72","7.95","7.71","168.00K","-3.26%"
"05/09/2023","7.97","7.70","7.97","7.65","337.00K","2.18%"
"05/08/2023","7.80","7.76","7.99","7.60","77.50K","-0.89%"
"05/05/2023","7.87","7.92","7.98","7.82","118.50K","-2.72%"
"05/04/2023","8.09","8.00","8.20","7.85","184.50K","1.13%"
"05/03/2023","8.00","8.01","8.10","8.00","233.00K","-1.23%"
"05/02/2023","8.10","8.00","8.15","8.00","44.50K","1.25%"
"04/28/2023","8.00","8.14","8.15","8.00","34.00K","-1.84%"
"04/27/2023","8.15","8.10","8.15","8.10","34.00K","1.75%"
"04/26/2023","8.01","8.15","8.35","8.01","109.50K","-0.99%"
"04/20/2023","8.09","7.82","8.10","7.82","94.00K","3.32%"
"04/19/2023","7.83","8.00","8.00","7.83","2.50K","-0.25%"
"04/18/2023","7.85","7.90","8.20","7.85","517.00K","-0.63%"
"04/17/2023","7.90","7.98","7.98","7.75","12.50K","-1.25%"
"04/13/2023","8.00","8.00","8.00","7.94","122.50K","0.25%"
"04/12/2023","7.98","8.08","8.08","7.60","63.00K","2.31%"
"04/11/2023","7.80","7.76","7.76","7.76","2.50K","0.00%"
"04/10/2023","7.80","7.81","7.81","7.80","1.00K","-2.26%"
"04/07/2023","7.98","7.83","7.98","7.82","2.00K","-0.25%"
"04/06/2023","8.00","8.00","8.00","8.00","52.00K","2.43%"
"04/05/2023","7.81","8.28","8.28","7.75","41.50K","-2.38%"
"04/04/2023","8.00","8.00","8.00","7.76","29.50K","-0.50%"
"04/03/2023","8.04","8.30","8.30","8.04","30.00K","-5.30%"
"03/31/2023","8.49","8.05","8.49","8.05","371.50K","1.68%"
"03/30/2023","8.35","7.85","8.35","7.85","223.00K","5.70%"
"03/29/2023","7.90","8.01","8.01","7.90","55.00K","-1.25%"
"03/28/2023","8.00","8.00","8.10","8.00","78.50K","0.00%"
"03/27/2023","8.00","8.00","8.08","7.95","160.50K","0.00%"
"03/24/2023","8.00","7.89","8.00","7.89","306.50K","0.88%"
"03/22/2023","7.93","7.90","7.93","7.90","1.00K","-2.70%"
"03/21/2023","8.15","8.11","8.38","7.80","1.67M","1.87%"
"03/20/2023","8.00","7.92","8.38","7.92","808.00K","0.00%"
"03/17/2023","8.00","7.85","8.05","7.80","527.50K","1.78%"
"03/16/2023","7.86","8.00","8.10","7.86","690.00K","-1.75%"
"03/15/2023","8.00","7.60","8.00","7.60","582.50K","3.90%"
"03/14/2023","7.70","7.57","7.80","7.57","66.50K","-1.28%"
"03/13/2023","7.80","7.55","7.87","7.55","383.00K","0.26%"
"03/10/2023","7.78","7.68","7.98","7.65","343.00K","2.64%"
"03/09/2023","7.58","7.50","7.58","7.42","128.50K","2.99%"
"03/08/2023","7.36","7.50","7.70","7.36","205.50K","-0.54%"
"03/07/2023","7.40","7.70","7.75","7.40","303.00K","-3.90%"
"03/06/2023","7.70","7.60","7.85","7.60","314.00K","-0.65%"
"03/03/2023","7.75","7.11","7.75","7.11","478.00K","6.16%"
"03/02/2023","7.30","7.50","7.60","7.25","98.00K","0.69%"
"03/01/2023","7.25","7.25","7.40","7.15","90.50K","-1.36%"
"02/28/2023","7.35","7.25","7.50","7.21","68.50K","1.38%"
"02/27/2023","7.25","7.33","7.40","7.25","54.50K","-2.03%"
"02/24/2023","7.40","7.34","7.40","7.28","19.00K","0.95%"
"02/23/2023","7.33","7.33","7.48","7.33","112.00K","-2.14%"
"02/22/2023","7.49","7.50","7.50","7.36","142.00K","-0.13%"
"02/21/2023","7.50","7.22","7.50","7.22","28.00K","2.04%"
"02/20/2023","7.35","7.41","7.41","7.35","32.00K","-2.00%"
"02/17/2023","7.50","7.52","7.52","7.47","45.00K","0.67%"
"02/16/2023","7.45","7.65","7.65","7.45","103.50K","-2.10%"
"02/15/2023","7.61","7.57","7.61","7.57","2.00K","-1.17%"
"02/14/2023","7.70","7.61","7.85","7.55","245.50K","0.00%"
"02/13/2023","7.70","7.81","7.81","7.63","7.00K","0.00%"
"02/10/2023","7.70","7.87","7.87","7.57","68.50K","-1.41%"
"02/09/2023","7.81","7.74","7.95","7.65","620.00K","2.76%"
"02/08/2023","7.60","7.72","7.72","7.49","695.50K","1.33%"
"02/07/2023","7.50","7.65","7.73","7.49","409.00K","-1.96%"
"02/06/2023","7.65","7.51","7.68","7.50","68.50K","1.06%"
"02/03/2023","7.57","7.53","7.77","7.53","29.50K","-2.57%"
"02/02/2023","7.77","7.65","7.77","7.63","2.50K","0.26%"
"02/01/2023","7.75","7.85","7.85","7.66","39.00K","-1.90%"
"01/31/2023","7.90","7.65","7.90","7.58","16.50K","4.64%"
"01/30/2023","7.55","7.88","7.88","7.55","24.00K","-1.05%"
"01/27/2023","7.63","7.75","7.85","7.62","8.50K","-2.43%"
"01/26/2023","7.82","7.55","7.98","7.52","263.00K","3.03%"
"01/25/2023","7.59","7.52","7.74","7.50","163.00K","1.20%"
"01/24/2023","7.50","7.75","7.75","7.50","293.50K","0.00%"
"01/23/2023","7.50","7.35","7.50","7.20","61.00K","-1.06%"
"01/20/2023","7.58","7.75","7.75","7.45","28.00K","1.07%"
"01/19/2023","7.50","7.60","7.73","7.49","649.00K","-3.23%"
"01/18/2023","7.75","7.94","7.97","7.65","340.50K","-0.77%"
"01/17/2023","7.81","7.75","8.00","7.70","77.50K","-1.76%"
"01/16/2023","7.95","8.00","8.15","7.90","24.50K","-0.63%"
"01/13/2023","8.00","8.00","8.00","7.93","14.50K","0.00%"
"01/12/2023","8.00","7.91","8.15","7.91","65.00K","-0.12%"
"01/11/2023","8.01","8.05","8.05","7.96","6.50K","-1.11%"
"01/10/2023","8.10","8.30","8.30","7.95","70.50K","2.40%"
"01/09/2023","7.91","8.34","8.34","7.91","85.50K","-2.71%"
"01/06/2023","8.13","8.11","8.31","8.11","13.00K","-2.05%"
"01/05/2023","8.30","8.11","8.30","8.11","6.50K","2.98%"
"01/04/2023","8.06","8.05","8.35","8.03","116.50K","-1.35%"
"01/03/2023","8.17","8.47","8.47","8.17","170.50K","-2.74%"
"01/02/2023","8.40","8.15","8.49","8.11","284.50K","2.44%"
"12/30/2022","8.20","8.25","8.29","8.02","167.00K","1.36%"
"12/29/2022","8.09","8.11","8.11","8.00","24.00K","0.00%"
"12/28/2022","8.09","8.35","8.35","8.00","95.50K","-2.53%"
"12/27/2022","8.30","8.32","8.50","8.30","33.00K","-2.24%"
"12/26/2022","8.49","8.45","8.50","8.40","51.50K","3.54%"
"12/23/2022","8.20","8.21","8.35","8.20","27.00K","-1.09%"
"12/22/2022","8.29","8.33","8.40","8.00","37.50K","1.10%"
"12/21/2022","8.20","8.49","8.49","7.91","85.50K","2.50%"
"12/20/2022","8.00","8.81","8.99","7.99","1.10M","-11.11%"
"12/19/2022","9.00","9.10","9.37","8.75","353.50K","-0.77%"
"12/16/2022","9.07","9.20","9.24","9.00","41.50K","-1.41%"
"12/15/2022","9.20","9.30","9.39","8.97","284.50K","0.00%"
"12/14/2022","9.20","9.30","9.30","9.15","80.00K","0.00%"
"12/13/2022","9.20","9.44","9.49","9.15","92.50K","-0.65%"
"12/12/2022","9.26","9.50","9.50","9.25","11.00K","-1.49%"
"12/09/2022","9.40","9.40","9.64","9.40","23.50K","0.00%"
"12/08/2022","9.40","9.55","9.55","9.31","22.00K","-1.98%"
"12/07/2022","9.59","9.40","9.59","9.40","25.50K","2.57%"
"12/06/2022","9.35","9.30","9.35","9.16","48.00K","0.54%"
"12/05/2022","9.30","9.60","9.60","9.20","396.50K","-2.31%"
"12/02/2022","9.52","9.80","9.80","9.52","218.50K","-2.36%"
"12/01/2022","9.75","9.80","9.85","9.52","66.00K","0.00%"
"11/30/2022","9.75","9.80","9.98","9.65","143.50K","1.56%"
"11/29/2022","9.60","9.80","9.80","9.60","55.50K","-2.24%"
"11/28/2022","9.82","9.70","9.87","9.60","35.00K","-0.30%"
"11/25/2022","9.85","9.90","10.09","9.85","12.00K","0.31%"
"11/24/2022","9.82","9.81","9.96","9.80","17.50K","0.31%"
"11/23/2022","9.79","9.80","9.84","9.75","33.50K","0.31%"
"11/22/2022","9.76","10.11","10.15","9.70","523.50K","-2.89%"
"11/21/2022","10.05","10.22","10.22","10.05","100.50K","-1.86%"
"11/18/2022","10.24","10.25","10.25","10.08","35.00K","1.69%"
"11/17/2022","10.07","10.50","10.60","10.07","202.00K","-4.55%"
"11/16/2022","10.55","10.48","10.58","10.22","55.00K","1.44%"
"11/15/2022","10.40","10.30","10.40","10.30","221.50K","1.36%"
"11/14/2022","10.26","10.40","10.50","10.25","64.00K","-2.19%"
"11/11/2022","10.49","10.55","10.61","10.20","448.50K","-0.57%"
"11/10/2022","10.55","10.04","10.74","10.04","1.06M","6.57%"
"11/08/2022","9.90","9.86","10.00","9.85","191.50K","0.00%"
"11/07/2022","9.90","10.00","10.00","9.80","18.50K","0.00%"
"11/04/2022","9.90","9.76","9.90","9.70","29.50K","1.02%"
"11/03/2022","9.80","10.10","10.10","9.65","222.00K","-1.01%"
"11/02/2022","9.90","9.94","10.10","9.85","508.00K","-0.10%"
"11/01/2022","9.91","9.65","10.00","9.51","1.12M","4.21%"
"10/31/2022","9.51","9.50","9.55","9.50","38.50K","-0.31%"
"10/28/2022","9.54","9.70","9.70","9.50","331.50K","-1.14%"
"10/27/2022","9.65","9.90","10.00","9.56","2.28M","-2.53%"
"10/26/2022","9.90","9.50","9.95","9.31","3.04M","2.59%"
"10/25/2022","9.65","9.66","9.66","9.65","30.00K","0.00%"
"10/24/2022","9.65","9.72","9.75","9.60","128.00K","0.73%"
"10/21/2022","9.58","9.79","9.80","9.50","171.50K","-2.24%"
"10/20/2022","9.80","9.80","9.80","9.68","65.50K","0.93%"
"10/19/2022","9.71","9.55","9.71","9.55","99.00K","1.25%"
"10/18/2022","9.59","9.80","9.80","9.45","219.00K","0.31%"
"10/17/2022","9.56","9.90","9.90","9.56","47.50K","-2.45%"
"10/14/2022","9.80","9.55","10.00","9.55","762.50K","4.26%"
"10/13/2022","9.40","9.50","9.50","9.40","75.00K","-0.42%"
"10/12/2022","9.44","9.51","9.55","9.40","270.50K","-0.11%"
"10/11/2022","9.45","9.58","9.75","9.45","632.50K","-1.56%"
"10/10/2022","9.60","9.61","9.65","9.45","279.50K","0.21%"
"10/07/2022","9.58","9.71","9.78","9.49","165.50K","-0.73%"
"10/06/2022","9.65","9.70","9.80","9.57","161.50K","1.58%"
"10/05/2022","9.50","9.98","10.20","9.50","1.61M","-2.56%"
"10/04/2022","9.75","9.99","9.99","9.70","428.50K","1.35%"
"10/03/2022","9.62","9.83","9.90","9.50","361.50K","-2.34%"
"09/30/2022","9.85","9.81","10.04","9.80","336.50K","0.51%"
"09/29/2022","9.80","9.91","9.98","9.80","153.00K","-1.51%"
"09/28/2022","9.95","10.10","10.14","9.85","476.50K","-0.50%"
"09/27/2022","10.00","9.97","10.24","9.96","584.50K","2.99%"
"09/26/2022","9.71","9.71","9.95","9.65","603.00K","0.62%"
"09/23/2022","9.65","9.71","9.80","9.65","17.00K","0.00%"
"09/22/2022","9.65","9.71","9.99","9.42","419.50K","-2.82%"
"09/21/2022","9.93","9.71","9.93","9.65","76.00K","1.43%"
"09/20/2022","9.79","9.81","9.81","9.70","12.50K","0.41%"
"09/19/2022","9.75","9.91","9.91","9.75","33.00K","-2.11%"
"09/16/2022","9.96","9.90","10.00","9.65","154.00K","0.40%"
"09/15/2022","9.92","9.70","9.95","9.70","279.50K","2.69%"
"09/14/2022","9.66","9.60","9.67","9.52","177.50K","0.62%"
"09/13/2022","9.60","9.82","9.95","9.47","2.84M","-2.04%"
"09/12/2022","9.80","9.93","9.95","9.70","201.50K","-1.11%"
"09/09/2022","9.91","10.15","10.20","9.52","151.50K","-0.90%"
"09/08/2022","10.00","10.20","10.20","9.95","90.50K","-1.28%"
"09/07/2022","10.13","10.11","10.14","10.00","70.00K","-0.10%"
"09/06/2022","10.14","10.04","10.14","9.98","134.00K","1.40%"
"09/05/2022","10.00","10.35","10.35","10.00","345.00K","-2.53%"
"09/02/2022","10.26","10.41","10.49","10.26","121.00K","-1.82%"
"09/01/2022","10.45","10.55","10.65","10.30","264.00K","-0.95%"
"08/31/2022","10.55","10.51","10.56","10.42","20.50K","0.48%"
"08/30/2022","10.50","10.75","10.75","10.50","127.50K","0.29%"
"08/29/2022","10.47","10.81","10.81","10.46","519.00K","-3.15%"
"08/26/2022","10.81","10.87","10.89","10.76","397.50K","-0.37%"
"08/25/2022","10.85","10.90","11.24","10.85","488.00K","-1.36%"
"08/24/2022","11.00","10.91","11.00","10.87","557.50K","1.76%"
"08/23/2022","10.81","11.22","11.22","10.81","1.07M","-1.73%"
"08/22/2022","11.00","11.11","11.26","10.95","752.00K","-3.68%"
"08/19/2022","11.42","11.30","11.95","11.25","482.50K","0.00%"
"08/18/2022","11.42","11.25","11.80","11.25","1.64M","1.06%"
"08/17/2022","11.30","11.10","11.47","11.10","220.50K","0.36%"
"08/16/2022","11.26","11.03","11.90","11.03","2.46M","2.27%"
"08/15/2022","11.01","10.95","11.20","10.52","1.77M","2.90%"
"08/12/2022","10.70","10.52","10.99","10.40","793.00K","4.70%"
"08/11/2022","10.22","10.59","10.60","10.21","388.50K","-2.76%"
"08/10/2022","10.51","10.27","10.79","10.27","733.00K","2.34%"
"08/05/2022","10.27","10.00","10.40","10.00","413.50K","3.74%"
"08/04/2022","9.90","10.00","10.10","9.90","178.50K","0.10%"
"08/03/2022","9.89","9.90","10.06","9.85","686.00K","0.71%"
"08/02/2022","9.82","9.90","10.10","9.81","306.50K","-1.80%"
"08/01/2022","10.00","9.81","10.08","9.81","39.00K","1.01%"
"07/29/2022","9.90","10.10","10.20","9.90","229.50K","-0.90%"
"07/28/2022","9.99","9.98","10.10","9.95","180.50K","-0.10%"
"07/27/2022","10.00","9.82","10.00","9.81","24.00K","-1.38%"
"07/26/2022","10.14","9.86","10.14","9.86","9.50K","1.50%"
"07/25/2022","9.99","9.93","9.99","9.80","26.00K","0.40%"
"07/22/2022","9.95","10.00","10.00","9.80","42.50K","0.20%"
"07/21/2022","9.93","9.81","9.95","9.60","145.50K","1.33%"
"07/20/2022","9.80","9.81","9.90","9.55","102.00K","-0.51%"
"07/19/2022","9.85","9.91","9.92","9.85","17.50K","-2.76%"
"07/18/2022","10.13","10.00","10.13","9.95","52.00K","0.40%"
"07/15/2022","10.09","10.26","10.30","10.00","443.50K","-1.08%"
"07/14/2022","10.20","10.30","10.39","10.20","234.50K","-0.97%"
"07/13/2022","10.30","10.04","10.30","10.04","89.50K","0.59%"
"07/07/2022","10.24","10.11","10.25","10.01","289.50K","2.40%"
"07/06/2022","10.00","10.28","10.28","10.00","637.50K","-0.99%"
"07/05/2022","10.10","10.43","10.43","10.01","95.50K","0.00%"
"07/04/2022","10.10","10.40","10.40","10.10","41.50K","-1.37%"
"07/01/2022","10.24","10.05","10.53","10.04","318.50K","-0.49%"
"06/30/2022","10.29","10.43","10.43","10.17","30.00K","1.48%"
"06/29/2022","10.14","10.37","10.38","10.11","727.50K","-0.10%"
"06/28/2022","10.15","10.38","10.45","10.11","92.50K","-0.98%"
"06/27/2022","10.25","9.77","10.44","9.77","1.42M","1.99%"
"06/24/2022","10.05","10.70","11.00","9.80","1.89M","-6.51%"
"06/23/2022","10.75","10.36","10.95","10.36","260.00K","2.38%"
"06/22/2022","10.50","10.51","10.74","10.41","316.50K","-1.41%"
"06/21/2022","10.65","10.33","10.67","10.05","595.50K","4.41%"
"06/20/2022","10.20","10.42","10.48","10.11","510.00K","-1.07%"
"06/17/2022","10.31","10.01","10.48","9.99","401.00K","3.51%"
"06/16/2022","9.96","10.01","10.10","9.96","88.50K","-0.40%"
"06/15/2022","10.00","10.10","10.30","9.99","834.50K","0.30%"
"06/14/2022","9.97","9.90","10.16","9.90","49.50K","-0.20%"
"06/13/2022","9.99","10.01","10.05","9.94","1.78M","-2.06%"
"06/10/2022","10.20","9.99","10.25","9.90","135.00K","3.03%"
"06/09/2022","9.90","9.99","10.05","9.90","194.50K","0.92%"
"06/08/2022","9.81","9.77","10.15","9.75","350.00K","-0.91%"
"06/07/2022","9.90","10.00","10.00","9.80","211.50K","-1.00%"
"06/06/2022","10.00","9.90","10.10","9.75","239.00K","2.46%"
"06/03/2022","9.76","10.49","10.49","9.76","1.32M","-6.15%"
"06/02/2022","10.40","11.00","11.00","10.35","1.13M","-4.50%"
"06/01/2022","10.89","11.20","11.40","10.79","473.50K","-2.07%"
"05/31/2022","11.12","11.10","11.30","11.00","97.00K","-0.71%"
"05/30/2022","11.20","11.25","11.35","11.11","97.00K","0.63%"
"05/27/2022","11.13","11.01","11.60","11.01","604.00K","2.49%"
"05/26/2022","10.86","10.70","11.24","10.52","616.50K","0.09%"
"05/25/2022","10.85","10.40","11.00","10.23","298.00K","3.33%"
"05/24/2022","10.50","10.55","10.58","10.50","9.00K","0.77%"
"05/23/2022","10.42","10.51","10.83","10.42","62.50K","-3.52%"
"05/20/2022","10.80","10.70","10.85","10.67","34.50K","-0.46%"
"05/19/2022","10.85","10.99","11.00","10.75","112.50K","0.46%"
"05/18/2022","10.80","10.70","10.93","10.50","148.00K","2.96%"
"05/17/2022","10.49","10.41","10.75","10.30","194.00K","-0.10%"
"05/16/2022","10.50","10.81","10.82","10.40","127.00K","-4.55%"
"05/13/2022","11.00","10.93","11.05","10.60","166.50K","1.85%"
"05/12/2022","10.80","10.45","10.85","10.27","161.50K","1.89%"
"05/11/2022","10.60","11.25","11.25","10.45","1.03M","-7.83%"
"05/10/2022","11.50","11.43","11.50","11.00","234.50K","0.88%"
"05/09/2022","11.40","12.00","12.01","11.40","1.40M","-5.32%"
"05/06/2022","12.04","12.40","12.40","12.01","29.50K","-0.17%"
"04/28/2022","12.06","12.25","12.25","12.00","419.50K","-4.81%"
"04/27/2022","12.67","12.56","12.67","12.56","7.50K","2.59%"
"04/26/2022","12.35","12.89","12.89","12.35","178.00K","-4.26%"
"04/25/2022","12.90","12.99","13.17","12.75","287.50K","1.18%"
"04/22/2022","12.75","12.90","12.90","12.60","261.00K","2.00%"
"04/21/2022","12.50","12.49","13.00","12.25","529.00K","1.63%"
"04/20/2022","12.30","12.85","12.85","12.07","281.00K","-3.53%"
"04/19/2022","12.75","13.27","13.97","12.75","785.00K","-2.00%"
"04/18/2022","13.01","13.10","13.35","12.96","160.00K","-0.99%"
"04/15/2022","13.14","13.40","13.50","13.14","311.00K","-1.57%"
"04/14/2022","13.35","12.81","13.49","12.81","225.50K","3.33%"
"04/13/2022","12.92","13.41","13.64","12.92","1.20M","-3.94%"
"04/12/2022","13.45","13.10","13.69","12.85","740.50K","2.67%"
"04/11/2022","13.10","12.99","13.28","12.75","2.22M","4.38%"
"04/08/2022","12.55","12.01","12.60","12.01","478.00K","5.46%"
"04/07/2022","11.90","12.01","12.25","11.90","268.50K","-1.57%"
"04/06/2022","12.09","12.02","12.10","11.90","173.00K","0.75%"
"04/05/2022","12.00","11.90","12.04","11.90","20.00K","0.76%"
"04/04/2022","11.91","12.00","12.35","11.90","295.50K","-4.03%"
"04/01/2022","12.41","12.11","13.00","12.10","491.50K","-2.28%"
"03/31/2022","12.70","12.47","12.70","12.36","297.50K","2.42%"
"03/30/2022","12.40","12.00","12.50","12.00","342.50K","1.64%"
"03/29/2022","12.20","12.39","12.45","12.02","106.00K","0.83%"
"03/28/2022","12.10","11.81","12.10","11.81","90.00K","1.68%"
"03/25/2022","11.90","11.81","12.00","11.81","159.00K","0.00%"
"03/24/2022","11.90","12.10","12.10","11.83","105.50K","0.00%"
"03/22/2022","11.90","11.98","12.00","11.80","99.00K","1.71%"
"03/21/2022","11.70","11.75","12.01","11.70","557.00K","0.86%"
"03/18/2022","11.60","12.00","12.00","11.60","286.00K","-4.76%"
"03/17/2022","12.18","12.25","12.25","12.18","12.50K","-1.06%"
"03/16/2022","12.31","12.30","12.68","12.30","156.00K","-1.44%"
"03/15/2022","12.49","11.90","12.49","11.65","1.72M","6.75%"
"03/14/2022","11.70","11.76","11.76","11.70","160.50K","-0.85%"
"03/11/2022","11.80","12.00","12.19","11.80","156.50K","-3.28%"
"03/10/2022","12.20","12.05","12.35","12.00","232.50K","3.83%"
"03/09/2022","11.75","12.20","12.20","11.71","228.00K","-2.08%"
"03/08/2022","12.00","11.70","12.00","11.70","1.36M","2.56%"
"03/07/2022","11.70","12.55","12.55","11.55","695.00K","-7.51%"
"03/04/2022","12.65","12.66","12.75","12.45","111.50K","1.20%"
"03/03/2022","12.50","12.80","12.80","12.50","58.50K","-1.57%"
"03/02/2022","12.70","12.51","12.80","12.31","750.00K","-0.70%"
"03/01/2022","12.79","12.50","13.00","12.25","954.50K","2.73%"
"02/28/2022","12.45","11.95","12.50","11.95","218.50K","3.41%"
"02/25/2022","12.04","12.10","12.20","11.63","178.50K","0.33%"
"02/24/2022","12.00","12.50","12.50","12.00","547.50K","-4.84%"
"02/23/2022","12.61","12.89","12.89","12.40","55.00K","0.48%"
"02/22/2022","12.55","12.51","12.73","12.40","477.50K","0.48%"
"02/21/2022","12.49","12.85","12.94","12.31","487.00K","-2.95%"
"02/18/2022","12.87","13.35","13.35","12.75","733.50K","-1.08%"
"02/17/2022","13.01","13.50","13.50","12.90","493.50K","-3.63%"
"02/16/2022","13.50","13.63","13.68","13.40","40.00K","0.30%"
"02/15/2022","13.46","13.50","13.75","13.20","312.50K","0.15%"
"02/14/2022","13.44","13.88","13.88","13.34","258.50K","-1.39%"
"02/11/2022","13.63","13.60","13.99","13.60","203.50K","-0.51%"
"02/10/2022","13.70","13.85","14.35","13.70","3.33M","0.29%"
"02/09/2022","13.66","13.55","13.89","13.45","669.50K","1.94%"
"02/08/2022","13.40","13.48","13.50","13.40","58.00K","-0.74%"
"02/07/2022","13.50","13.70","13.70","13.42","162.50K","0.22%"
"02/04/2022","13.47","13.65","13.70","13.47","193.50K","0.90%"
"02/03/2022","13.35","14.15","14.20","13.35","779.50K","-3.61%"
"02/02/2022","13.85","13.90","14.00","13.65","438.00K","0.73%"
"02/01/2022","13.75","13.58","14.00","13.55","630.00K","2.92%"
"01/31/2022","13.36","13.21","13.50","13.21","239.00K","1.60%"
"01/28/2022","13.15","13.20","13.49","13.07","158.50K","1.15%"
"01/27/2022","13.00","13.05","13.20","13.00","89.50K","-1.74%"
"01/26/2022","13.23","13.20","13.35","13.00","124.00K","0.23%"
"01/25/2022","13.20","13.40","13.60","13.18","211.50K","-1.12%"
"01/24/2022","13.35","13.55","13.60","13.35","233.00K","-1.48%"
"01/21/2022","13.55","13.25","13.68","13.25","53.00K","1.12%"
"01/20/2022","13.40","13.50","13.50","13.22","835.00K","-0.74%"
"01/19/2022","13.50","13.80","13.81","13.50","281.00K","-3.02%"
"01/18/2022","13.92","14.20","14.20","13.90","90.50K","-0.57%"
"01/17/2022","14.00","14.01","14.26","13.90","144.50K","-1.82%"
"01/14/2022","14.26","14.50","14.60","14.15","348.50K","0.07%"
"01/13/2022","14.25","14.31","14.45","14.25","57.50K","-1.04%"
"01/12/2022","14.40","14.50","14.80","14.35","974.00K","-0.69%"
"01/11/2022","14.50","14.85","14.90","14.42","290.50K","-1.02%"
"01/10/2022","14.65","14.50","15.04","14.40","1.79M","1.88%"
"01/07/2022","14.38","14.00","14.65","13.98","3.23M","3.45%"
"01/06/2022","13.90","14.00","14.15","13.80","670.50K","-1.77%"
"01/05/2022","14.15","13.80","14.40","13.80","658.00K","-0.07%"
"01/04/2022","14.16","13.90","14.25","13.70","908.00K","2.61%"
"01/03/2022","13.80","13.80","13.90","13.70","302.50K","0.36%"
"12/31/2021","13.75","13.80","13.95","13.70","858.50K","-0.72%"
"12/30/2021","13.85","14.10","14.15","13.71","323.00K","0.87%"
"12/29/2021","13.73","14.14","14.14","13.70","435.50K","0.96%"
"12/28/2021","13.60","14.20","14.20","13.60","230.00K","-2.86%"
"12/27/2021","14.00","14.50","14.50","13.90","292.00K","-2.44%"
"12/24/2021","14.35","14.00","14.70","13.99","434.50K","2.50%"
"12/23/2021","14.00","14.21","14.48","13.90","356.50K","0.07%"
"12/22/2021","13.99","14.00","14.33","13.90","559.00K","1.01%"
"12/21/2021","13.85","13.33","14.18","13.25","1.42M","5.32%"
"12/20/2021","13.15","13.20","13.31","13.14","118.00K","1.08%"
"12/17/2021","13.01","13.10","13.48","12.80","171.00K","1.64%"
"12/16/2021","12.80","13.37","13.35","12.80","728.00K","-3.69%"
"12/15/2021","13.29","13.25","13.59","13.15","760.00K","4.24%"
"12/14/2021","12.75","12.90","13.00","12.50","125.50K","2.00%"
"12/13/2021","12.50","13.27","13.27","12.50","387.50K","-3.18%"
"12/10/2021","12.91","13.17","13.24","12.72","186.50K","0.47%"
"12/09/2021","12.85","13.20","13.20","12.85","131.50K","-1.15%"
"12/08/2021","13.00","13.44","13.44","13.00","306.50K","-1.52%"
"12/07/2021","13.20","13.10","13.55","13.00","596.00K","2.72%"
"12/06/2021","12.85","13.15","13.15","12.75","330.00K","-0.77%"
"12/03/2021","12.95","13.50","13.51","12.95","210.00K","-3.72%"
"12/02/2021","13.45","14.25","14.25","13.45","931.00K","-7.11%"
"12/01/2021","14.48","14.75","14.90","14.25","276.00K","-0.75%"
"11/30/2021","14.59","14.90","14.90","14.50","78.00K","-0.41%"
"11/29/2021","14.65","13.60","14.78","13.60","521.00K","3.61%"
"11/26/2021","14.14","14.19","14.40","13.50","348.00K","2.09%"
"11/25/2021","13.85","14.06","14.23","13.85","121.50K","-2.74%"
"11/24/2021","14.24","14.25","14.39","13.95","423.00K","-0.07%"
"11/23/2021","14.25","15.01","15.20","14.21","631.00K","-5.00%"
"11/22/2021","15.00","15.61","16.43","14.31","437.50K","-1.32%"
"11/19/2021","15.20","15.85","16.00","15.20","694.50K","-2.88%"
"11/18/2021","15.65","16.13","16.13","15.62","196.50K","-1.26%"
"11/17/2021","15.85","16.05","16.37","15.77","414.00K","-1.25%"
"11/16/2021","16.05","16.30","16.55","15.92","576.50K","0.25%"
"11/15/2021","16.01","16.74","16.74","15.99","376.50K","-4.42%"
"11/12/2021","16.75","16.75","16.90","16.20","325.00K","0.00%"
"11/11/2021","16.75","17.10","17.49","16.35","313.00K","-0.06%"
"11/10/2021","16.76","16.32","17.25","16.32","842.00K","2.20%"
"11/09/2021","16.40","16.87","17.39","16.20","362.00K","-2.32%"
"11/08/2021","16.79","17.39","17.43","16.51","325.50K","-1.76%"
"11/05/2021","17.09","17.35","17.50","17.00","294.00K","-0.87%"
"11/04/2021","17.24","17.05","17.50","17.00","1.48M","1.41%"
"11/03/2021","17.00","16.85","17.10","16.73","398.00K","2.66%"
"11/02/2021","16.56","16.65","17.15","16.52","522.00K","-1.02%"
"11/01/2021","16.73","16.69","17.20","16.25","1.28M","3.59%"
"10/29/2021","16.15","16.50","16.64","15.86","1.80M","-2.12%"
"10/28/2021","16.50","16.51","17.35","16.50","667.00K","1.54%"
"10/27/2021","16.25","17.20","17.50","16.00","413.50K","-3.85%"
"10/26/2021","16.90","16.71","16.98","16.70","32.00K","-1.97%"
"10/25/2021","17.24","17.75","17.75","16.75","83.50K","-0.81%"
"10/22/2021","17.38","17.75","17.88","17.05","304.50K","-3.77%"
"10/21/2021","18.06","19.10","19.74","18.06","2.94M","-6.91%"
"10/20/2021","19.40","18.60","19.83","18.11","1.88M","7.78%"
"10/18/2021","18.00","17.75","19.00","17.40","2.31M","0.90%"
"10/15/2021","17.84","16.25","17.84","16.14","1.53M","7.41%"
"10/14/2021","16.61","15.50","16.61","15.30","1.63M","8.28%"
"10/13/2021","15.34","16.76","16.90","15.34","742.50K","-8.64%"
"10/12/2021","16.79","16.98","16.99","16.25","591.00K","0.12%"
"10/11/2021","16.77","17.75","17.75","16.82","498.50K","-6.83%"
"10/08/2021","18.00","18.07","18.40","17.75","122.00K","-1.37%"
"10/07/2021","18.25","18.47","18.60","18.34","138.50K","-0.82%"
"10/06/2021","18.40","18.25","18.50","18.21","39.00K","0.77%"
"10/05/2021","18.26","19.01","19.20","18.26","263.00K","-4.35%"
"10/04/2021","19.09","18.75","19.25","18.55","246.00K","1.76%"
"10/01/2021","18.76","18.45","19.20","18.38","651.00K","1.96%"
"09/30/2021","18.40","17.90","18.50","17.65","748.50K","3.08%"
"09/29/2021","17.85","19.50","19.50","17.84","1.32M","-7.70%"
"09/28/2021","19.34","18.93","19.44","18.56","138.50K","3.04%"
"09/27/2021","18.77","19.74","19.74","18.51","293.50K","-4.96%"
"09/24/2021","19.75","20.00","20.25","19.30","1.14M","-1.00%"
"09/23/2021","19.95","20.45","20.89","19.70","582.00K","-0.99%"
"09/22/2021","20.15","20.70","20.70","19.40","793.00K","-1.71%"
"09/21/2021","20.50","21.29","21.65","20.50","260.00K","-2.43%"
"09/20/2021","21.01","22.00","22.00","21.01","206.50K","-4.24%"
"09/17/2021","21.94","21.96","22.50","21.40","301.00K","1.11%"
"09/16/2021","21.70","21.10","22.00","20.75","480.00K","3.33%"
"09/15/2021","21.00","22.29","22.29","21.00","400.50K","-4.11%"
"09/14/2021","21.90","22.49","22.49","21.51","340.00K","-0.45%"
"09/13/2021","22.00","23.00","23.00","22.00","547.00K","-1.79%"
"09/10/2021","22.40","22.10","22.69","21.60","701.50K","0.90%"
"09/09/2021","22.20","22.19","22.75","21.75","600.50K","-1.33%"
"09/08/2021","22.50","22.60","23.00","21.86","710.00K","1.12%"
"09/07/2021","22.25","23.60","23.76","22.13","1.10M","-5.72%"
"09/06/2021","23.60","24.20","24.20","23.51","185.50K","-1.26%"
"09/03/2021","23.90","24.03","24.58","23.90","327.50K","-1.65%"
"09/02/2021","24.30","23.35","24.70","23.31","1.41M","3.40%"
"09/01/2021","23.50","23.66","24.25","23.10","1.38M","-1.47%"
"08/31/2021","23.85","23.69","24.00","23.60","74.00K","1.58%"
"08/30/2021","23.48","23.99","24.08","23.48","342.00K","-0.51%"
"08/27/2021","23.60","23.76","24.05","23.48","860.00K","-1.67%"
"08/26/2021","24.00","24.05","24.05","23.75","713.50K","-1.03%"
"08/25/2021","24.25","23.99","24.25","23.80","1.94M","1.93%"
"08/24/2021","23.79","24.44","24.44","23.60","813.50K","-1.29%"
"08/23/2021","24.10","24.01","25.00","23.91","1.30M","0.84%"
"08/20/2021","23.90","23.80","24.44","23.70","424.50K","0.59%"
"08/17/2021","23.76","24.19","24.25","23.75","357.00K","-1.00%"
"08/16/2021","24.00","24.49","24.50","23.50","989.00K","-1.03%"
"08/13/2021","24.25","24.19","24.40","24.00","174.00K","0.62%"
"08/12/2021","24.10","24.75","24.75","24.06","300.00K","-1.87%"
"08/11/2021","24.56","25.25","25.40","24.50","763.50K","-2.50%"
"08/10/2021","25.19","24.50","25.25","24.00","3.29M","2.57%"
"08/09/2021","24.56","24.80","25.37","24.50","339.50K","-2.73%"
"08/06/2021","25.25","25.15","25.40","25.15","620.00K","0.80%"
"08/05/2021","25.05","25.90","25.90","25.02","809.00K","-2.53%"
"08/04/2021","25.70","25.45","26.25","25.30","2.57M","1.78%"
"08/03/2021","25.25","24.48","25.57","24.45","1.96M","3.65%"
"08/02/2021","24.36","24.70","24.88","24.26","428.00K","0.37%"
"07/30/2021","24.27","23.75","25.30","23.75","3.45M","1.89%"
"07/29/2021","23.82","23.59","24.00","23.09","1.92M","0.51%"
"07/28/2021","23.70","24.90","24.90","23.41","2.51M","-3.27%"
"07/27/2021","24.50","24.60","25.48","24.50","3.20M","0.00%"
"07/26/2021","24.50","25.19","25.80","24.31","2.10M","-3.92%"
"07/23/2021","25.50","26.00","26.74","25.15","2.81M","-1.92%"
"07/19/2021","26.00","26.05","26.66","26.00","888.00K","-0.38%"
"07/16/2021","26.10","27.01","27.01","26.00","5.33M","-2.97%"
"07/15/2021","26.90","28.10","28.10","26.55","4.61M","-3.86%"
"07/14/2021","27.98","27.16","28.63","25.50","11.21M","5.98%"
"07/13/2021","26.40","25.40","26.67","25.00","6.90M","6.41%"
"07/12/2021","24.81","23.75","24.81","23.08","6.70M","7.50%"
"07/09/2021","23.08","21.40","23.08","21.40","3.04M","7.85%"
"07/08/2021","21.40","21.50","21.65","21.13","1.54M","1.23%"
"07/07/2021","21.14","21.75","21.75","21.12","386.00K","-1.54%"
"07/06/2021","21.47","22.00","22.00","21.25","579.00K","-2.28%"
"07/05/2021","21.97","22.50","22.50","21.60","751.50K","-1.92%"
"07/02/2021","22.40","22.31","22.90","22.01","615.50K","-1.45%"
"07/01/2021","22.73","22.47","22.90","21.85","2.96M","2.85%"
"06/30/2021","22.10","21.25","22.50","21.25","2.04M","4.74%"
"06/29/2021","21.10","21.55","21.80","21.01","343.00K","0.24%"
"06/28/2021","21.05","22.00","22.00","21.05","2.04M","-4.32%"
"06/25/2021","22.00","23.09","23.10","21.95","1.13M","-3.30%"
"06/24/2021","22.75","22.26","23.45","21.90","1.87M","1.52%"
"06/23/2021","22.41","22.89","23.24","22.30","1.31M","-1.10%"
"06/22/2021","22.66","22.44","23.00","22.05","2.75M","3.00%"
"06/21/2021","22.00","22.00","22.60","21.12","2.57M","2.04%"
"06/18/2021","21.56","21.20","22.19","21.00","2.50M","2.67%"
"06/17/2021","21.00","20.11","21.74","19.98","5.75M","3.70%"
"06/16/2021","20.25","20.60","20.87","20.20","486.00K","-1.46%"
"06/15/2021","20.55","21.91","21.91","20.50","1.89M","-5.12%"
"06/14/2021","21.66","22.35","22.35","21.20","3.68M","3.88%"
"06/11/2021","20.85","20.49","21.30","20.20","2.44M","3.22%"
"06/10/2021","20.20","19.89","20.59","19.66","2.21M","3.06%"
"06/09/2021","19.60","19.19","19.95","19.00","1.13M","2.62%"
"06/08/2021","19.10","19.52","19.52","18.60","936.00K","-1.55%"
"06/07/2021","19.40","19.30","20.00","19.30","1.42M","0.00%"
"06/04/2021","19.40","20.49","20.49","19.25","2.83M","-4.86%"
"06/03/2021","20.39","20.70","21.00","20.16","4.59M","0.39%"
"06/02/2021","20.31","20.15","20.79","19.50","5.03M","2.11%"
"06/01/2021","19.89","18.99","19.89","18.65","13.93M","7.46%"
"05/31/2021","18.51","17.90","18.51","17.50","5.06M","7.49%"
"05/28/2021","17.22","16.19","17.22","16.00","5.51M","7.36%"
"05/27/2021","16.04","15.60","16.60","15.56","3.94M","2.82%"
"05/26/2021","15.60","15.34","15.70","15.05","2.76M","3.38%"
"05/25/2021","15.09","15.40","15.50","15.00","1.21M","-2.01%"
"05/24/2021","15.40","15.68","15.70","15.25","405.50K","-1.16%"
"05/21/2021","15.58","15.66","15.92","15.45","802.50K","-0.76%"
"05/20/2021","15.70","15.76","16.25","15.62","1.30M","-1.88%"
"05/19/2021","16.00","16.20","16.20","15.52","943.50K","-1.23%"
"05/18/2021","16.20","16.70","16.80","16.20","736.00K","-1.82%"
"05/17/2021","16.50","15.40","16.75","15.40","3.62M","4.70%"
"05/06/2021","15.76","15.55","15.95","15.25","902.50K","2.01%"
"05/05/2021","15.45","15.25","15.50","15.01","1.29M","1.51%"
"05/04/2021","15.22","14.95","15.22","14.70","1.06M","3.54%"
"05/03/2021","14.70","14.65","14.83","14.60","904.50K","-0.68%"
"04/30/2021","14.80","14.70","15.01","14.50","1.79M","0.68%"
"04/29/2021","14.70","14.66","14.75","14.60","242.00K","-0.07%"
"04/28/2021","14.71","14.82","15.00","14.65","471.50K","0.07%"
"04/27/2021","14.70","14.66","14.90","14.50","793.00K","0.00%"
"04/26/2021","14.70","13.86","15.00","13.86","2.21M","3.45%"
"04/23/2021","14.21","13.50","14.48","13.50","1.30M","2.23%"
"04/22/2021","13.90","13.76","14.17","13.75","1.16M","0.36%"
"04/21/2021","13.85","13.50","14.19","13.50","1.26M","2.59%"
"04/20/2021","13.50","12.80","13.57","12.71","5.75M","7.14%"
"04/19/2021","12.60","12.99","13.00","12.51","980.50K","-0.40%"
"04/16/2021","12.65","12.62","12.76","12.62","377.50K","-0.47%"
"04/15/2021","12.71","12.80","12.95","12.70","160.00K","-1.85%"
"04/14/2021","12.95","12.50","12.99","12.31","137.50K","0.78%"
"04/13/2021","12.85","12.80","13.00","12.80","200.50K","-0.46%"
"04/12/2021","12.91","13.36","13.36","12.90","228.50K","-2.64%"
"04/09/2021","13.26","12.96","13.58","12.11","9.58M","2.31%"
"04/08/2021","12.96","12.75","13.00","12.51","165.00K","0.15%"
"04/07/2021","12.94","13.40","13.40","12.70","52.00K","0.47%"
"04/06/2021","12.88","12.55","12.94","12.55","36.50K","2.88%"
"04/05/2021","12.52","13.00","13.19","12.52","408.00K","-4.43%"
"04/02/2021","13.10","12.50","13.25","12.50","465.50K","0.23%"
"04/01/2021","13.07","13.30","13.54","13.00","153.50K","-4.18%"
"03/31/2021","13.64","13.40","13.73","13.40","280.00K","-0.44%"
"03/30/2021","13.70","13.50","13.70","13.31","252.00K","2.62%"
"03/29/2021","13.35","13.80","13.80","13.30","125.00K","-4.30%"
"03/26/2021","13.95","13.80","14.02","13.75","24.00K","-0.36%"
"03/25/2021","14.00","14.00","14.20","13.95","172.50K","0.00%"
"03/24/2021","14.00","14.19","14.20","13.82","4.50K","-0.71%"
"03/22/2021","14.10","13.90","14.25","13.80","374.00K","1.00%"
"03/19/2021","13.96","13.63","14.00","13.55","129.00K","1.16%"
"03/18/2021","13.80","14.15","14.29","13.65","340.00K","0.00%"
"03/17/2021","13.80","13.52","14.05","13.50","552.50K","3.37%"
"03/16/2021","13.35","13.72","13.72","13.30","193.00K","-1.11%"
"03/15/2021","13.50","13.60","13.60","13.00","374.50K","3.85%"
"03/12/2021","13.00","12.51","13.40","12.51","351.50K","0.00%"
"03/11/2021","13.00","13.75","13.75","13.00","1.00M","-4.76%"
"03/10/2021","13.65","14.40","14.40","13.50","501.50K","-1.09%"
"03/09/2021","13.80","14.20","14.20","13.55","198.00K","-0.72%"
"03/08/2021","13.90","14.63","14.68","13.90","475.00K","-4.14%"
"03/05/2021","14.50","14.58","14.62","14.25","563.50K","-1.49%"
"03/04/2021","14.72","14.82","15.11","14.52","2.61M","-2.84%"
"03/03/2021","15.15","15.49","15.55","14.92","2.60M","-1.30%"
"03/02/2021","15.35","15.12","15.55","15.12","257.00K","0.20%"
"03/01/2021","15.32","15.80","15.80","15.00","318.00K","-1.42%"
"02/26/2021","15.54","16.05","16.20","15.40","941.00K","-2.26%"
"02/25/2021","15.90","15.75","15.95","15.55","283.00K","2.58%"
"02/24/2021","15.50","15.90","15.90","15.40","362.00K","-2.21%"
"02/23/2021","15.85","16.05","16.08","15.75","262.50K","0.63%"
"02/22/2021","15.75","15.99","16.30","15.75","1.19M","-1.25%"
"02/19/2021","15.95","16.34","16.40","15.80","459.00K","-3.04%"
"02/18/2021","16.45","16.25","16.45","15.85","2.14M","1.48%"
"02/17/2021","16.21","16.38","16.65","15.77","5.74M","2.08%"
"02/16/2021","15.88","15.35","16.16","15.18","5.43M","4.82%"
"02/15/2021","15.15","15.06","15.40","15.05","654.50K","0.93%"
"02/12/2021","15.01","15.24","15.38","15.00","678.50K","0.07%"
"02/11/2021","15.00","15.40","15.40","14.90","523.00K","-2.60%"
"02/10/2021","15.40","15.12","15.40","15.10","280.00K","1.72%"
"02/09/2021","15.14","15.05","15.75","15.00","2.74M","0.87%"
"02/08/2021","15.01","15.40","15.40","15.01","93.00K","-0.92%"
"02/04/2021","15.15","15.25","15.39","15.05","1.11M","-0.39%"
"02/03/2021","15.21","15.30","15.48","15.20","876.50K","-0.20%"
"02/02/2021","15.24","15.26","15.55","15.20","638.50K","-0.39%"
"02/01/2021","15.30","15.58","15.80","15.27","659.00K","-0.26%"
"01/29/2021","15.34","15.42","15.65","15.34","801.00K","0.26%"
"01/28/2021","15.30","15.57","15.65","15.30","404.50K","-1.29%"
"01/27/2021","15.50","15.42","15.75","15.42","519.50K","-0.19%"
"01/26/2021","15.53","15.55","15.75","15.50","428.50K","0.19%"
"01/25/2021","15.50","15.53","15.82","15.42","531.00K","-0.13%"
"01/22/2021","15.52","15.55","15.70","15.46","225.00K","-0.51%"
"01/21/2021","15.60","15.50","15.95","15.50","1.18M","-0.26%"
"01/20/2021","15.64","15.65","15.68","15.39","496.50K","0.90%"
"01/19/2021","15.50","15.90","15.94","15.50","571.00K","-3.00%"
"01/18/2021","15.98","16.10","16.35","15.86","1.21M","-1.48%"
"01/15/2021","16.22","15.90","16.55","15.66","4.82M","3.64%"
"01/14/2021","15.65","15.91","16.20","15.60","2.46M","0.13%"
"01/13/2021","15.63","15.65","16.10","15.39","3.31M","-0.45%"
"01/12/2021","15.70","15.67","15.83","15.45","1.22M","0.00%"
"01/11/2021","15.70","15.35","15.84","15.30","1.85M","2.01%"
"01/08/2021","15.39","15.05","15.46","15.05","399.50K","0.92%"
"01/07/2021","15.25","15.59","15.60","15.20","520.00K","-0.33%"
"01/06/2021","15.30","15.20","15.80","15.00","3.33M","2.68%"
"01/05/2021","14.90","14.77","15.16","14.77","848.00K","0.00%"
"01/04/2021","14.90","15.05","15.05","14.70","524.50K","0.34%"
"01/01/2021","14.85","15.00","15.20","14.75","1.24M","0.34%"